{"stats":{"minecraft:crafted":{"minecraft:oak_planks":24,"minecraft:crafting_table":1,"minecraft:stick":12,"minecraft:wooden_pickaxe":1,"minecraft:stone_pickaxe":1,"minecraft:white_bed":1,"minecraft:stone_axe":1},"minecraft:picked_up":{"minecraft:crafting_table":2,"minecraft:feather":3,"minecraft:chicken":2,"minecraft:pumpkin":14,"minecraft:leather":5,"minecraft:dandelion":1,"minecraft:porkchop":6,"minecraft:oak_log":12,"minecraft:white_bed":1,"minecraft:dirt":14,"minecraft:arrow":2,"minecraft:bone":2,"minecraft:wheat_seeds":5,"minecraft:beef":5,"minecraft:gray_wool":1,"minecraft:oak_sapling":4,"minecraft:mutton":12,"minecraft:white_wool":8,"minecraft:cobblestone":20},"minecraft:killed":{"minecraft:sheep":9,"minecraft:pig":4,"minecraft:chicken":2,"minecraft:cow":3},"minecraft:used":{"minecraft:wooden_pickaxe":20,"minecraft:stone_axe":86,"minecraft:dirt":3,"minecraft:crafting_table":2,"minecraft:oak_sapling":3,"minecraft:white_bed":1},"minecraft:custom":{"minecraft:time_since_rest":4774,"minecraft:sprint_one_cm":31434,"minecraft:walk_one_cm":32653,"minecraft:mob_kills":18,"minecraft:damage_dealt":1589,"minecraft:interact_with_crafting_table":3,"minecraft:fly_one_cm":28935,"minecraft:crouch_one_cm":170,"minecraft:play_time":11832,"minecraft:sneak_time":213,"minecraft:jump":114,"minecraft:leave_game":3,"minecraft:time_since_death":11832,"minecraft:sleep_in_bed":1,"minecraft:total_world_time":11832,"minecraft:fall_one_cm":1730},"minecraft:mined":{"minecraft:white_bed":1,"minecraft:dandelion":1,"minecraft:pumpkin":16,"minecraft:crafting_table":2,"minecraft:grass":24,"minecraft:grass_block":4,"minecraft:oak_log":12,"minecraft:dirt":10,"minecraft:tall_grass":7,"minecraft:stone":20,"minecraft:oak_leaves":1}},"DataVersion":3578}